"","Estimate","Std. Error","t value","Pr(>|t|)"
"(Intercept)",-0.222927074141115,0.0282006565345664,-7.90503135513411,1.58703999328703e-10
"dors_curv",0.00260155165727153,0.000300222832670635,8.66540240836915,9.82966808454552e-12
"group_idsviolaceum",0.00549680177174389,0.0422968079626714,0.129957839291207,0.897091767758363
"dors_curv:group_idsviolaceum",-0.000365278451167761,0.000446812333951379,-0.817520966660489,0.41729084549741
