,totalK,angle_of_deflection,arc_chord_ratio,chord_versine_ratio,X1.radius
totalK,1,0.912684409,0.904663643,-0.911917562,0.505709335
angle_of_deflection,0.912684409,1,0.907588013,-0.81475213,0.580817205
arc_chord_ratio,0.904663643,0.907588013,1,-0.811994211,0.545824346
chord_versine_ratio,-0.911917562,-0.81475213,-0.811994211,1,-0.520572321
1/radius,0.505709335,0.580817205,0.545824346,-0.520572321,1
